<?xml version="1.0" encoding="UTF-8"?>
<project-private xmlns="http://www.netbeans.org/ns/project-private/1">
    <editor-bookmarks xmlns="http://www.netbeans.org/ns/editor-bookmarks/2" lastBookmarkId="0"/>
    <open-files xmlns="http://www.netbeans.org/ns/projectui-open-files/2">
        <group>
            <file>file:/C:/Users/PLN/Documents/semester%204/Praktikum%20PBO/tugasbesar/src/java/model/User.java</file>
            <file>file:/C:/Users/PLN/Documents/semester%204/Praktikum%20PBO/tugasbesar/web/login.jsp</file>
            <file>file:/C:/Users/PLN/Documents/semester%204/Praktikum%20PBO/tugasbesar/src/java/dao/UserDAO.java</file>
            <file>file:/C:/Users/PLN/Documents/semester%204/Praktikum%20PBO/tugasbesar/src/java/servlet/RegisterServlet.java</file>
            <file>file:/C:/Users/PLN/Documents/semester%204/Praktikum%20PBO/tugasbesar/web/settings.jsp</file>
            <file>file:/C:/Users/PLN/Documents/semester%204/Praktikum%20PBO/tugasbesar/web/reports.jsp</file>
            <file>file:/C:/Users/PLN/Documents/semester%204/Praktikum%20PBO/tugasbesar/web/productss.jsp</file>
            <file>file:/C:/Users/PLN/Documents/semester%204/Praktikum%20PBO/tugasbesar/web/products.jsp</file>
            <file>file:/C:/Users/PLN/Documents/semester%204/Praktikum%20PBO/tugasbesar/web/page.jsp</file>
            <file>file:/C:/Users/PLN/Documents/semester%204/Praktikum%20PBO/tugasbesar/web/orders.jsp</file>
            <file>file:/C:/Users/PLN/Documents/semester%204/Praktikum%20PBO/tugasbesar/src/java/servlet/LoginServlet.java</file>
            <file>file:/C:/Users/PLN/Documents/semester%204/Praktikum%20PBO/tugasbesar/web/cart.jsp</file>
            <file>file:/C:/Users/PLN/Documents/semester%204/Praktikum%20PBO/tugasbesar/web/index.jsp</file>
            <file>file:/C:/Users/PLN/Documents/semester%204/Praktikum%20PBO/tugasbesar/web/register.jsp</file>
            <file>file:/C:/Users/PLN/Documents/semester%204/Praktikum%20PBO/tugasbesar/web/logout.jsp</file>
            <file>file:/C:/Users/PLN/Documents/semester%204/Praktikum%20PBO/tugasbesar/web/ecommerce.jsp</file>
            <file>file:/C:/Users/PLN/Documents/semester%204/Praktikum%20PBO/tugasbesar/web/customers.jsp</file>
        </group>
    </open-files>
</project-private>
